,accuracy,time_this_iter_s,done,timesteps_total,episodes_total,training_iteration,experiment_id,date,timestamp,time_total_s,pid,hostname,node_ip,time_since_restore,timesteps_since_restore,iterations_since_restore,trial_id,config/__trial_index__,config/astro_augmentation,config/batch_size_classifier,config/batch_size_encoder,config/beta_loss,config/encoder_name,config/image_size,config/lr_classifier,config/lr_encoder,config/method,config/optimizer_classifier,config/optimizer_encoder,config/projection_dim,config/temperature,config/with_features,logdir
0,0.872000,65.377420,False,,,216,2b71f630099b4c4aa6679ed7bc45a1f6,2021-11-15_00-49-22,1636948162,15615.221033,3296936,deeptime,172.17.28.76,15615.221033,0,216,a5321434,0,False,70,350,0.007958,pstamps,21,0.007120,0.002228,supcon,SGD,SGD,100,5.185274,True,/home/rvidal/hyperparameter_tuning/SimCLR/id_a5321434
1,0.872000,65.953808,False,,,210,4629101af4084666ae7962634fe47a39,2021-11-15_00-39-25,1636947565,15018.101967,3296931,deeptime,172.17.28.76,15018.101967,0,210,a5321435,1,False,70,350,0.007958,pstamps,21,0.007120,0.002228,supcon,SGD,SGD,100,5.185274,True,/home/rvidal/hyperparameter_tuning/SimCLR/id_a5321435
2,0.872000,62.001469,False,,,218,58036524c3394ad9861afec8230545fc,2021-11-15_00-43-49,1636947829,15282.295008,3296940,deeptime,172.17.28.76,15282.295008,0,218,a5321436,2,False,70,350,0.007958,pstamps,21,0.007120,0.002228,supcon,SGD,SGD,100,5.185274,True,/home/rvidal/hyperparameter_tuning/SimCLR/id_a5321436
3,0.870000,63.098631,False,,,213,4356a4f66e1446cca134cdeec1a76b21,2021-11-15_00-37-20,1636947440,14892.927290,3296934,deeptime,172.17.28.76,14892.927290,0,213,a5321437,3,False,70,350,0.007958,pstamps,21,0.007120,0.002228,supcon,SGD,SGD,100,5.185274,True,/home/rvidal/hyperparameter_tuning/SimCLR/id_a5321437
4,0.880000,68.839115,False,,,119,ea1896553e5e4774a141656013d87407,2021-11-15_04-39-43,1636961983,8054.693703,3296933,deeptime,172.17.28.76,8054.693703,0,119,a5321438,0,False,70,350,0.037930,resnet18,21,0.007120,0.004283,simclr,SGD,AdamW,100,0.119620,True,/home/rvidal/hyperparameter_tuning/SimCLR/id_a5321438
5,0.880000,72.486312,False,,,159,87493923d8bb45daa5c1b03c09297188,2021-11-15_05-29-25,1636964965,10626.973343,3296930,deeptime,172.17.28.76,10626.973343,0,159,6a019434,1,False,70,350,0.037930,resnet18,21,0.007120,0.004283,simclr,SGD,AdamW,100,0.119620,True,/home/rvidal/hyperparameter_tuning/SimCLR/id_6a019434
6,0.878000,72.535072,False,,,120,8934540463a74c4f86577095657e554d,2021-11-15_05-02-13,1636963333,8935.321708,3296929,deeptime,172.17.28.76,8935.321708,0,120,5e292a36,2,False,70,350,0.037930,resnet18,21,0.007120,0.004283,simclr,SGD,AdamW,100,0.119620,True,/home/rvidal/hyperparameter_tuning/SimCLR/id_5e292a36
7,0.880000,75.691304,False,,,111,29bd06803ef347778c3843dd3b606bae,2021-11-15_05-02-07,1636963327,8303.556958,3296938,deeptime,172.17.28.76,8303.556958,0,111,826ff226,3,False,70,350,0.037930,resnet18,21,0.007120,0.004283,simclr,SGD,AdamW,100,0.119620,True,/home/rvidal/hyperparameter_tuning/SimCLR/id_826ff226
8,0.880000,52.598332,False,,,182,beeabe9765d348fe91033aaba6ea9eea,2021-11-15_09-31-31,1636979491,10715.666336,3296939,deeptime,172.17.28.76,10715.666336,0,182,f6c57000,0,False,70,500,0.016635,resnet18,21,0.007120,0.000704,simclr,SGD,AdamW,100,0.000503,True,/home/rvidal/hyperparameter_tuning/SimCLR/id_f6c57000
9,0.894000,50.909132,False,,,471,6ac1c8c29334445dae44c9b5ba9a7bb6,2021-11-15_14-54-24,1636998864,28066.062863,3296932,deeptime,172.17.28.76,28066.062863,0,471,f8581592,1,False,70,500,0.016635,resnet18,21,0.007120,0.000704,simclr,SGD,AdamW,100,0.000503,True,/home/rvidal/hyperparameter_tuning/SimCLR/id_f8581592
10,0.888000,50.465601,False,,,331,a92d2748868846cf9c7ee79f0c3afd10,2021-11-15_12-39-54,1636990794,19933.579598,3296935,deeptime,172.17.28.76,19933.579598,0,331,ae251a1a,2,False,70,500,0.016635,resnet18,21,0.007120,0.000704,simclr,SGD,AdamW,100,0.000503,True,/home/rvidal/hyperparameter_tuning/SimCLR/id_ae251a1a
11,0.890000,50.346121,False,,,424,12c9951f3a2e40218c437d9e0353710d,2021-11-15_13-42-27,1636994547,22852.782389,3296937,deeptime,172.17.28.76,22852.782389,0,424,d553585e,3,False,70,500,0.016635,resnet18,21,0.007120,0.000704,simclr,SGD,AdamW,100,0.000503,True,/home/rvidal/hyperparameter_tuning/SimCLR/id_d553585e
12,0.884000,63.023060,False,,,282,3368307510c94f6285b534468a52f5d0,2021-11-15_16-04-10,1637003050,18053.273982,3868711,deeptime,172.17.28.76,18053.273982,0,282,c8c83152,0,True,70,350,0.002834,resnet18,21,0.007120,0.858078,simclr,SGD,SGD,100,6.384665,True,/home/rvidal/hyperparameter_tuning/SimCLR/id_c8c83152
13,0.884000,69.974153,False,,,199,db3777fc6b9546bcb3e7a4d1834a74bf,2021-11-15_17-44-51,1637009091,13160.916818,3966390,deeptime,172.17.28.76,13160.916818,0,199,c1b3306e,1,True,70,350,0.002834,resnet18,21,0.007120,0.858078,simclr,SGD,SGD,100,6.384665,True,/home/rvidal/hyperparameter_tuning/SimCLR/id_c1b3306e
14,0.882000,69.425467,False,,,251,f97ed392d502414a961eebcf59813305,2021-11-15_19-53-15,1637016795,16985.591883,3998525,deeptime,172.17.28.76,16985.591883,0,251,3464882e,2,True,70,350,0.002834,resnet18,21,0.007120,0.858078,simclr,SGD,SGD,100,6.384665,True,/home/rvidal/hyperparameter_tuning/SimCLR/id_3464882e
15,0.882000,74.928391,False,,,202,65b9d7b888174865842b24ee15dee0d7,2021-11-15_20-13-19,1637017999,14055.948571,4032874,deeptime,172.17.28.76,14055.948571,0,202,3efa61e2,3,True,70,350,0.002834,resnet18,21,0.007120,0.858078,simclr,SGD,SGD,100,6.384665,True,/home/rvidal/hyperparameter_tuning/SimCLR/id_3efa61e2
16,0.886000,79.058391,False,,,330,05f0cd115cbf44b29d529075201bda14,2021-11-16_01-19-45,1637036385,25903.935474,4077685,deeptime,172.17.28.76,25903.935474,0,330,debd821e,0,True,70,350,0.007623,pstamps,21,0.007120,0.007258,simclr,SGD,SGD,100,0.052014,True,/home/rvidal/hyperparameter_tuning/SimCLR/id_debd821e
17,0.882000,68.694038,False,,,292,7986129dc5d4435ea45b53d1a1eec1e2,2021-11-16_01-19-36,1637036376,20354.950565,4115298,deeptime,172.17.28.76,20354.950565,0,292,17b7f1d0,1,True,70,350,0.007623,pstamps,21,0.007120,0.007258,simclr,SGD,SGD,100,0.052014,True,/home/rvidal/hyperparameter_tuning/SimCLR/id_17b7f1d0
18,0.876000,68.957172,False,,,198,878aa48cc8ae415fa6fe66620c6d4a9a,2021-11-16_01-42-10,1637037730,13836.853930,4170278,deeptime,172.17.28.76,13836.853930,0,198,fce8ca16,2,True,70,350,0.007623,pstamps,21,0.007120,0.007258,simclr,SGD,SGD,100,0.052014,True,/home/rvidal/hyperparameter_tuning/SimCLR/id_fce8ca16
19,0.888000,64.650867,False,,,333,60cbb58d575b467e9bbfe403cf8d4029,2021-11-16_04-35-11,1637048111,23023.510718,4178341,deeptime,172.17.28.76,23023.510718,0,333,50907d14,3,True,70,350,0.007623,pstamps,21,0.007120,0.007258,simclr,SGD,SGD,100,0.052014,True,/home/rvidal/hyperparameter_tuning/SimCLR/id_50907d14
20,0.918000,46.909129,False,,,210,66904a73cedb4f6ea29b2e1f69addb3b,2021-11-16_06-04-40,1637053480,10168.317170,107848,deeptime,172.17.28.76,10168.317170,0,210,190ec7c6,0,False,70,350,0.001536,pstamps,21,0.007120,1.034908,supcon,SGD,LARS,100,0.082269,True,/home/rvidal/hyperparameter_tuning/SimCLR/id_190ec7c6
21,0.908000,47.091338,False,,,136,d389088421d84eb18c1e3f565787c8b6,2021-11-16_05-41-00,1637052060,7813.833528,114773,deeptime,172.17.28.76,7813.833528,0,136,85e252a8,1,False,70,350,0.001536,pstamps,21,0.007120,1.034908,supcon,SGD,LARS,100,0.082269,True,/home/rvidal/hyperparameter_tuning/SimCLR/id_85e252a8
22,0.916000,45.214850,False,,,270,3802a8d263c64b8da36c254d00abe3cf,2021-11-16_07-11-11,1637057471,12775.417057,118363,deeptime,172.17.28.76,12775.417057,0,270,b2acbd6c,2,False,70,350,0.001536,pstamps,21,0.007120,1.034908,supcon,SGD,LARS,100,0.082269,True,/home/rvidal/hyperparameter_tuning/SimCLR/id_b2acbd6c
23,0.906000,46.063725,False,,,268,11c0eeb69ab34605b9066c6579531467,2021-11-16_09-42-09,1637066529,12157.297744,206953,deeptime,172.17.28.76,12157.297744,0,268,beed7cfa,3,False,70,350,0.001536,pstamps,21,0.007120,1.034908,supcon,SGD,LARS,100,0.082269,True,/home/rvidal/hyperparameter_tuning/SimCLR/id_beed7cfa
24,0.878000,51.075005,False,,,174,aabfbab0126e4248ac4e0dc15c3b863a,2021-11-16_09-23-52,1637065432,8707.359332,231677,deeptime,172.17.28.76,8707.359332,0,174,473c2f6e,0,False,70,500,0.000110,resnet18,21,0.007120,0.003627,simclr,SGD,LARS,100,0.020575,True,/home/rvidal/hyperparameter_tuning/SimCLR/id_473c2f6e
25,0.880000,49.732964,False,,,198,638b8c2ca66e4be0a6cdd0439b8e0340,2021-11-16_10-04-39,1637067879,9826.153628,245482,deeptime,172.17.28.76,9826.153628,0,198,c2e6d920,1,False,70,500,0.000110,resnet18,21,0.007120,0.003627,simclr,SGD,LARS,100,0.020575,True,/home/rvidal/hyperparameter_tuning/SimCLR/id_c2e6d920
26,0.882000,49.912032,False,,,311,1ec96881a51f4c68a26bd0424ff82ec2,2021-11-16_12-45-20,1637077520,15557.616564,285550,deeptime,172.17.28.76,15557.616564,0,311,db75c8ae,2,False,70,500,0.000110,resnet18,21,0.007120,0.003627,simclr,SGD,LARS,100,0.020575,True,/home/rvidal/hyperparameter_tuning/SimCLR/id_db75c8ae
27,0.890000,83.538438,False,,,462,4f8ddde287e84863a7b05a6b0de4a68a,2021-11-16_18-04-38,1637096678,26240.329205,369747,deeptime,172.17.28.76,26240.329205,0,462,f53cb79e,3,False,70,500,0.000110,resnet18,21,0.007120,0.003627,simclr,SGD,LARS,100,0.020575,True,/home/rvidal/hyperparameter_tuning/SimCLR/id_f53cb79e
28,0.200000,66.992534,False,,,1,aeb438a741b14d5dade7b9f05e44d92e,2021-11-16_10-59-28,1637071168,66.992534,376227,deeptime,172.17.28.76,66.992534,0,1,b0681794,0,True,70,350,0.000150,resnet18,21,0.007120,0.027604,supcon,SGD,LARS,100,0.000233,True,/home/rvidal/hyperparameter_tuning/SimCLR/id_b0681794
29,0.200000,62.367303,False,,,1,2f3aacb70d1e4cf9ab9d246a1689bff4,2021-11-16_11-00-41,1637071241,62.367303,377161,deeptime,172.17.28.76,62.367303,0,1,3d4ca5e8,1,True,70,350,0.000150,resnet18,21,0.007120,0.027604,supcon,SGD,LARS,100,0.000233,True,/home/rvidal/hyperparameter_tuning/SimCLR/id_3d4ca5e8
30,0.200000,66.964485,False,,,1,ecb4b510bdc246f58af49db8781646c4,2021-11-16_11-01-58,1637071318,66.964485,377890,deeptime,172.17.28.76,66.964485,0,1,6aa11948,2,True,70,350,0.000150,resnet18,21,0.007120,0.027604,supcon,SGD,LARS,100,0.000233,True,/home/rvidal/hyperparameter_tuning/SimCLR/id_6aa11948
31,0.200000,63.875329,False,,,1,c5b4a4346c72419097c88051b70de2d9,2021-11-16_11-03-12,1637071392,63.875329,378668,deeptime,172.17.28.76,63.875329,0,1,960ab076,3,True,70,350,0.000150,resnet18,21,0.007120,0.027604,supcon,SGD,LARS,100,0.000233,True,/home/rvidal/hyperparameter_tuning/SimCLR/id_960ab076
32,0.892000,67.053597,False,,,368,d7fe960d741e43578c87be3c6e433b22,2021-11-16_17-35-10,1637094910,23507.190297,379978,deeptime,172.17.28.76,23507.190297,0,368,c3c56b5a,0,True,70,200,0.000326,resnet18,21,0.007120,0.189679,supcon,SGD,LARS,100,2.931262,True,/home/rvidal/hyperparameter_tuning/SimCLR/id_c3c56b5a
33,0.880000,61.283863,False,,,48,3ddf20fbf34c4d69a4dc82203a298b56,2021-11-16_12-17-41,1637075861,3029.299102,392989,deeptime,172.17.28.76,3029.299102,0,48,f012ca4a,1,True,70,200,0.000326,resnet18,21,0.007120,0.189679,supcon,SGD,LARS,100,2.931262,True,/home/rvidal/hyperparameter_tuning/SimCLR/id_f012ca4a
34,0.892000,66.233731,False,,,265,f808faa849944b598c824455d57cee53,2021-11-16_18-52-48,1637099568,17389.557097,473662,deeptime,172.17.28.76,17389.557097,0,265,4373600c,2,True,70,200,0.000326,resnet18,21,0.007120,0.189679,supcon,SGD,LARS,100,2.931262,True,/home/rvidal/hyperparameter_tuning/SimCLR/id_4373600c
35,0.900000,72.754140,False,,,390,34b72d2e0afd4a22bd2c8428389e4c70,2021-11-16_21-22-47,1637108567,26017.971744,476939,deeptime,172.17.28.76,26017.971744,0,390,06e460a8,3,True,70,200,0.000326,resnet18,21,0.007120,0.189679,supcon,SGD,LARS,100,2.931262,True,/home/rvidal/hyperparameter_tuning/SimCLR/id_06e460a8
36,0.868000,66.872392,False,,,125,bcb94c881ce348b7891973788d2dca01,2021-11-16_21-42-54,1637109774,8214.995116,616195,deeptime,172.17.28.76,8214.995116,0,125,e2eb0778,0,True,70,350,0.000327,pstamps,21,0.007120,0.591913,simclr,SGD,LARS,100,0.002726,True,/home/rvidal/hyperparameter_tuning/SimCLR/id_e2eb0778
37,0.868000,76.811601,False,,,244,40e9242d62e546d48534c4226a742c71,2021-11-17_01-41-38,1637124098,19032.224650,640594,deeptime,172.17.28.76,19032.224650,0,244,2315e224,1,True,70,350,0.000327,pstamps,21,0.007120,0.591913,simclr,SGD,LARS,100,0.002726,True,/home/rvidal/hyperparameter_tuning/SimCLR/id_2315e224
38,0.870000,71.038711,False,,,169,7d61c92ba5f74d0e87e158da6f114f27,2021-11-17_00-00-22,1637118022,11651.089732,649376,deeptime,172.17.28.76,11651.089732,0,169,50758f28,2,True,70,350,0.000327,pstamps,21,0.007120,0.591913,simclr,SGD,LARS,100,0.002726,True,/home/rvidal/hyperparameter_tuning/SimCLR/id_50758f28
39,0.886000,61.071055,False,,,484,a9e2786a61674942a7115ef7a98abe62,2021-11-17_08-14-30,1637147670,31795.140585,713493,deeptime,172.17.28.76,31795.140585,0,484,5a26937a,3,True,70,350,0.000327,pstamps,21,0.007120,0.591913,simclr,SGD,LARS,100,0.002726,True,/home/rvidal/hyperparameter_tuning/SimCLR/id_5a26937a
40,0.892000,72.637569,False,,,206,de8b50848ed6420d9b9933153174d84f,2021-11-17_03-46-04,1637131564,14931.406941,718579,deeptime,172.17.28.76,14931.406941,0,206,7a1c404c,0,True,70,200,0.096739,resnet18,21,0.007120,0.000401,supcon,SGD,AdamW,100,3.192847,True,/home/rvidal/hyperparameter_tuning/SimCLR/id_7a1c404c
41,0.894000,64.396983,False,,,334,e1bc847a974341be8c8c2d3b8294b866,2021-11-17_08-08-49,1637147329,22393.306480,774739,deeptime,172.17.28.76,22393.306480,0,334,3dd20020,1,True,70,200,0.096739,resnet18,21,0.007120,0.000401,supcon,SGD,AdamW,100,3.192847,True,/home/rvidal/hyperparameter_tuning/SimCLR/id_3dd20020
42,0.896000,64.796593,False,,,175,21b9a41a91da4fa2a05fba9317451200,2021-11-17_07-06-16,1637143576,11676.350401,821358,deeptime,172.17.28.76,11676.350401,0,175,942a3722,2,True,70,200,0.096739,resnet18,21,0.007120,0.000401,supcon,SGD,AdamW,100,3.192847,True,/home/rvidal/hyperparameter_tuning/SimCLR/id_942a3722
43,0.884000,65.240446,False,,,120,62201da18b0f459b97a4d32b268fe7f1,2021-11-17_07-46-01,1637145961,7741.613153,867575,deeptime,172.17.28.76,7741.613153,0,120,c8757cfc,3,True,70,200,0.096739,resnet18,21,0.007120,0.000401,supcon,SGD,AdamW,100,3.192847,True,/home/rvidal/hyperparameter_tuning/SimCLR/id_c8757cfc
44,0.882000,72.700251,False,,,162,111c4b93c766429f89c61002a31155f7,2021-11-17_12-14-05,1637162045,11795.205741,958856,deeptime,172.17.28.76,11795.205741,0,162,81aa2ab6,0,False,70,350,0.004871,resnet18,21,0.007120,0.305436,simclr,SGD,SGD,100,0.067550,True,/home/rvidal/hyperparameter_tuning/SimCLR/id_81aa2ab6
45,0.898000,53.288967,False,,,630,507dbe9988bd45449b7c93689433999b,2021-11-17_18-47-16,1637185636,32967.973480,975820,deeptime,172.17.28.76,32967.973480,0,630,8131b1aa,1,False,70,350,0.004871,resnet18,21,0.007120,0.305436,simclr,SGD,SGD,100,0.067550,True,/home/rvidal/hyperparameter_tuning/SimCLR/id_8131b1aa
46,0.906000,52.755784,False,,,739,aefe67e78b454fd48610bf6af2a0b6ea,2021-11-17_20-52-04,1637193124,39009.689552,986779,deeptime,172.17.28.76,39009.689552,0,739,240ae342,2,False,70,350,0.004871,resnet18,21,0.007120,0.305436,simclr,SGD,SGD,100,0.067550,True,/home/rvidal/hyperparameter_tuning/SimCLR/id_240ae342
47,0.884000,49.338354,False,,,176,3955f44037c04a8c8e59fc8ecb469675,2021-11-17_12-34-16,1637163256,9067.177794,987630,deeptime,172.17.28.76,9067.177794,0,176,843883f2,3,False,70,350,0.004871,resnet18,21,0.007120,0.305436,simclr,SGD,SGD,100,0.067550,True,/home/rvidal/hyperparameter_tuning/SimCLR/id_843883f2
48,0.862000,73.469470,False,,,72,79386f3b303e4c718a3d9b58ebdc37f3,2021-11-17_15-27-48,1637173668,5200.294116,1111438,deeptime,172.17.28.76,5200.294116,0,72,b0306786,0,True,70,200,0.001899,pstamps,21,0.007120,1.020648,simclr,SGD,LARS,100,0.000851,True,/home/rvidal/hyperparameter_tuning/SimCLR/id_b0306786
49,0.872000,82.659159,False,,,120,5a4f69b6685e4b8e9886c08ed417b5fa,2021-11-17_17-01-11,1637179271,9916.359055,1118786,deeptime,172.17.28.76,9916.359055,0,120,ef294324,1,True,70,200,0.001899,pstamps,21,0.007120,1.020648,simclr,SGD,LARS,100,0.000851,True,/home/rvidal/hyperparameter_tuning/SimCLR/id_ef294324
50,0.868000,69.063966,False,,,90,e70b7796d15e4bc78df37875a926d010,2021-11-17_19-18-36,1637187516,6568.487720,1207626,deeptime,172.17.28.76,6568.487720,0,90,fe795b78,2,True,70,200,0.001899,pstamps,21,0.007120,1.020648,simclr,SGD,LARS,100,0.000851,True,/home/rvidal/hyperparameter_tuning/SimCLR/id_fe795b78
51,0.864000,63.741596,False,,,113,9ae226a4f73c474a97ea2243359f0cd2,2021-11-17_21-42-14,1637196134,8581.252231,1258075,deeptime,172.17.28.76,8581.252231,0,113,fc3bb624,3,True,70,200,0.001899,pstamps,21,0.007120,1.020648,simclr,SGD,LARS,100,0.000851,True,/home/rvidal/hyperparameter_tuning/SimCLR/id_fc3bb624
52,0.872000,44.352733,False,,,228,38d3e06a0d0b431da50fdd80582f5caa,2021-11-17_23-13-28,1637201608,10740.499152,1284250,deeptime,172.17.28.76,10740.499152,0,228,5e430c32,0,False,70,350,0.004301,pstamps,21,0.007120,2.370533,supcon,SGD,LARS,100,7.432391,True,/home/rvidal/hyperparameter_tuning/SimCLR/id_5e430c32
53,0.870000,45.939913,False,,,328,04bc895c2af4417d9f42909eb85e76c2,2021-11-18_01-26-24,1637209584,15096.418124,1313845,deeptime,172.17.28.76,15096.418124,0,328,166924a2,1,False,70,350,0.004301,pstamps,21,0.007120,2.370533,supcon,SGD,LARS,100,7.432391,True,/home/rvidal/hyperparameter_tuning/SimCLR/id_166924a2
54,0.870000,46.515198,False,,,113,12d5057210ca4dfebff31b00872f6a7a,2021-11-17_23-40-05,1637203205,5234.469224,1347285,deeptime,172.17.28.76,5234.469224,0,113,84800fe8,2,False,70,350,0.004301,pstamps,21,0.007120,2.370533,supcon,SGD,LARS,100,7.432391,True,/home/rvidal/hyperparameter_tuning/SimCLR/id_84800fe8
55,0.870000,45.407549,False,,,191,94f76545462b4b669e961a806241bbff,2021-11-18_01-54-22,1637211262,8715.326369,1391812,deeptime,172.17.28.76,8715.326369,0,191,a0086712,3,False,70,350,0.004301,pstamps,21,0.007120,2.370533,supcon,SGD,LARS,100,7.432391,True,/home/rvidal/hyperparameter_tuning/SimCLR/id_a0086712
56,0.868000,50.501057,False,,,289,a06f82a8c4c64b1896cd559a43db2b79,2021-11-18_04-34-07,1637220847,14597.918431,1430419,deeptime,172.17.28.76,14597.918431,0,289,471d52ec,0,False,70,500,0.014634,pstamps,21,0.007120,0.026402,simclr,SGD,SGD,100,0.000143,True,/home/rvidal/hyperparameter_tuning/SimCLR/id_471d52ec
57,0.864000,50.371844,False,,,219,b728c06b4ce54c9f88c1f77b1dc62f45,2021-11-18_04-01-59,1637218919,11076.502489,1446631,deeptime,172.17.28.76,11076.502489,0,219,e6c0ebb2,1,False,70,500,0.014634,pstamps,21,0.007120,0.026402,simclr,SGD,SGD,100,0.000143,True,/home/rvidal/hyperparameter_tuning/SimCLR/id_e6c0ebb2
58,0.866000,50.709234,False,,,203,8a0d290417da4e8ab926649875071d4a,2021-11-18_05-31-34,1637224294,10181.255604,1509817,deeptime,172.17.28.76,10181.255604,0,203,9d03fc72,2,False,70,500,0.014634,pstamps,21,0.007120,0.026402,simclr,SGD,SGD,100,0.000143,True,/home/rvidal/hyperparameter_tuning/SimCLR/id_9d03fc72
59,0.864000,50.926352,False,,,218,9b01d2abb4be42c0b2ef9165c2dc582d,2021-11-18_06-11-41,1637226701,10948.237550,1525964,deeptime,172.17.28.76,10948.237550,0,218,36690bd8,3,False,70,500,0.014634,pstamps,21,0.007120,0.026402,simclr,SGD,SGD,100,0.000143,True,/home/rvidal/hyperparameter_tuning/SimCLR/id_36690bd8
60,0.884000,49.253114,False,,,178,53ef70e3aceb401c9a106e848cbf9a03,2021-11-18_07-47-05,1637232425,8505.586043,1604857,deeptime,172.17.28.76,8505.586043,0,178,08b3b568,0,False,70,350,0.003354,resnet18,21,0.007120,0.007405,simclr,SGD,AdamW,100,0.063717,True,/home/rvidal/hyperparameter_tuning/SimCLR/id_08b3b568
61,0.884000,50.762524,False,,,221,e8b3ee25b2484d84bac8655a17252c02,2021-11-18_08-56-20,1637236580,10706.172939,1623789,deeptime,172.17.28.76,10706.172939,0,221,0aaccc8e,1,False,70,350,0.003354,resnet18,21,0.007120,0.007405,simclr,SGD,AdamW,100,0.063717,True,/home/rvidal/hyperparameter_tuning/SimCLR/id_0aaccc8e
62,0.882000,49.369694,False,,,118,41bbefbafb5848998926b7bb885e7269,2021-11-18_08-33-18,1637235198,5783.781903,1658308,deeptime,172.17.28.76,5783.781903,0,118,97f5c5b0,2,False,70,350,0.003354,resnet18,21,0.007120,0.007405,simclr,SGD,AdamW,100,0.063717,True,/home/rvidal/hyperparameter_tuning/SimCLR/id_97f5c5b0
63,0.888000,47.874648,False,,,306,2c478d841a5640b298b3d6987378a1f5,2021-11-18_11-46-14,1637246774,14937.142371,1682116,deeptime,172.17.28.76,14937.142371,0,306,d5d3fade,3,False,70,350,0.003354,resnet18,21,0.007120,0.007405,simclr,SGD,AdamW,100,0.063717,True,/home/rvidal/hyperparameter_tuning/SimCLR/id_d5d3fade
64,0.888000,68.923211,False,,,286,0e25eae3956a430f9e17465205d8d278,2021-11-18_14-21-07,1637256067,18755.515228,1736568,deeptime,172.17.28.76,18755.515228,0,286,7940fc58,0,True,70,200,0.000157,resnet18,21,0.007120,0.001406,simclr,SGD,LARS,100,0.000354,True,/home/rvidal/hyperparameter_tuning/SimCLR/id_7940fc58
65,0.888000,64.403987,False,,,311,19790750fb454c8d8950667b3bbaa671,2021-11-18_15-35-49,1637260549,20416.114675,1762512,deeptime,172.17.28.76,20416.114675,0,311,38167494,1,True,70,200,0.000157,resnet18,21,0.007120,0.001406,simclr,SGD,LARS,100,0.000354,True,/home/rvidal/hyperparameter_tuning/SimCLR/id_38167494
66,0.882000,67.103586,False,,,96,eceb340a522e46d88e31335a8a7716e2,2021-11-18_12-01-58,1637247718,6266.855271,1774050,deeptime,172.17.28.76,6266.855271,0,96,cacbe20a,2,True,70,200,0.000157,resnet18,21,0.007120,0.001406,simclr,SGD,LARS,100,0.000354,True,/home/rvidal/hyperparameter_tuning/SimCLR/id_cacbe20a
67,0.882000,66.190828,False,,,159,01fbcbd945a2453f95f422d877af969a,2021-11-18_16-01-53,1637262113,10453.103776,1855686,deeptime,172.17.28.76,10453.103776,0,159,dd76c28c,3,True,70,200,0.000157,resnet18,21,0.007120,0.001406,simclr,SGD,LARS,100,0.000354,True,/home/rvidal/hyperparameter_tuning/SimCLR/id_dd76c28c
68,0.200000,70.818644,False,,,1,05e27c5a1a504c728b43808b7cdbdbc6,2021-11-18_13-52-47,1637254367,70.818644,1875041,deeptime,172.17.28.76,70.818644,0,1,a18a786e,0,True,70,200,0.001896,pstamps,21,0.007120,0.194867,supcon,SGD,AdamW,100,0.000471,True,/home/rvidal/hyperparameter_tuning/SimCLR/id_a18a786e
69,0.200000,70.837091,False,,,1,f4ebef79f8b84162a83a53320acbc501,2021-11-18_13-54-08,1637254448,70.837091,1875616,deeptime,172.17.28.76,70.837091,0,1,c499096e,1,True,70,200,0.001896,pstamps,21,0.007120,0.194867,supcon,SGD,AdamW,100,0.000471,True,/home/rvidal/hyperparameter_tuning/SimCLR/id_c499096e
70,0.862000,63.417058,False,,,75,4cfcace62de24233884ed014abbde77f,2021-11-18_15-14-39,1637259279,4818.983831,1876428,deeptime,172.17.28.76,4818.983831,0,75,f5c6e506,2,True,70,200,0.001896,pstamps,21,0.007120,0.194867,supcon,SGD,AdamW,100,0.000471,True,/home/rvidal/hyperparameter_tuning/SimCLR/id_f5c6e506
71,0.200000,71.958920,False,,,1,4bfaec4ae9014bf89a5b5c288046c625,2021-11-18_15-25-44,1637259944,71.958920,1916349,deeptime,172.17.28.76,71.958920,0,1,2689850e,3,True,70,200,0.001896,pstamps,21,0.007120,0.194867,supcon,SGD,AdamW,100,0.000471,True,/home/rvidal/hyperparameter_tuning/SimCLR/id_2689850e
72,0.892000,62.092213,False,,,280,23b254b4df7b4aa1824f16423bb408ba,2021-11-18_20-18-56,1637277536,17578.916745,1917257,deeptime,172.17.28.76,17578.916745,0,280,c04da006,0,True,70,350,0.015738,resnet18,21,0.007120,2.668672,simclr,SGD,SGD,100,0.062566,True,/home/rvidal/hyperparameter_tuning/SimCLR/id_c04da006
73,0.888000,61.557286,False,,,195,7d2fdfb541564b6e85a65ecd2e5412ec,2021-11-18_19-34-21,1637274861,12215.469390,1937135,deeptime,172.17.28.76,12215.469390,0,195,f23f9736,1,True,70,350,0.015738,resnet18,21,0.007120,2.668672,simclr,SGD,SGD,100,0.062566,True,/home/rvidal/hyperparameter_tuning/SimCLR/id_f23f9736
74,0.888000,60.644916,False,,,274,5e2b8ca1a24e4f9fa1bcdca832c32964,2021-11-18_22-13-32,1637284412,17223.439510,1971315,deeptime,172.17.28.76,17223.439510,0,274,34a6e2cc,2,True,70,350,0.015738,resnet18,21,0.007120,2.668672,simclr,SGD,SGD,100,0.062566,True,/home/rvidal/hyperparameter_tuning/SimCLR/id_34a6e2cc
75,0.888000,60.470200,False,,,344,4671190bf2b5434ea0a37218d8f276cd,2021-11-18_23-52-42,1637290362,21600.285120,1983206,deeptime,172.17.28.76,21600.285120,0,344,c86eb494,3,True,70,350,0.015738,resnet18,21,0.007120,2.668672,simclr,SGD,SGD,100,0.062566,True,/home/rvidal/hyperparameter_tuning/SimCLR/id_c86eb494
76,0.888000,65.227245,False,,,216,cfcf153f22674900bd843a93e99c023a,2021-11-19_01-13-18,1637295198,14058.035208,2078105,deeptime,172.17.28.76,14058.035208,0,216,728f6416,0,True,70,200,0.008640,pstamps,21,0.007120,0.060746,simclr,SGD,SGD,100,0.017617,True,/home/rvidal/hyperparameter_tuning/SimCLR/id_728f6416
77,0.886000,65.774949,False,,,178,ddfd061d1cae42989bd07f667882c9ef,2021-11-19_01-17-37,1637295457,11615.409433,2098538,deeptime,172.17.28.76,11615.409433,0,178,446dab98,1,True,70,200,0.008640,pstamps,21,0.007120,0.060746,simclr,SGD,SGD,100,0.017617,True,/home/rvidal/hyperparameter_tuning/SimCLR/id_446dab98
78,0.884000,64.770529,False,,,112,4d0ab54196304a5499fd2437af7b1f2d,2021-11-19_01-58-28,1637297908,7215.755723,2150394,deeptime,172.17.28.76,7215.755723,0,112,8d11aa38,2,True,70,200,0.008640,pstamps,21,0.007120,0.060746,simclr,SGD,SGD,100,0.017617,True,/home/rvidal/hyperparameter_tuning/SimCLR/id_8d11aa38
79,0.886000,62.595760,False,,,242,2052576432eb4e58baa557e7ce141b21,2021-11-19_05-56-48,1637312208,15679.731802,2194561,deeptime,172.17.28.76,15679.731802,0,242,83233e3c,3,True,70,200,0.008640,pstamps,21,0.007120,0.060746,simclr,SGD,SGD,100,0.017617,True,/home/rvidal/hyperparameter_tuning/SimCLR/id_83233e3c
80,0.914000,45.533959,False,,,268,6065c1ad0cfe4facacf095d90bd98dc1,2021-11-19_06-28-52,1637314132,12413.400290,2233132,deeptime,172.17.28.76,12413.400290,0,268,186bde88,0,False,70,350,0.000794,pstamps,21,0.007120,9.939129,supcon,SGD,SGD,100,0.509390,True,/home/rvidal/hyperparameter_tuning/SimCLR/id_186bde88
81,0.912000,46.041601,False,,,221,ccb1fcbed8214b388d6c882fcbf6ca3b,2021-11-19_05-57-00,1637312220,10266.918793,2235149,deeptime,172.17.28.76,10266.918793,0,221,2ed8d700,1,False,70,350,0.000794,pstamps,21,0.007120,9.939129,supcon,SGD,SGD,100,0.509390,True,/home/rvidal/hyperparameter_tuning/SimCLR/id_2ed8d700
82,0.916000,47.001350,False,,,243,cc1cac9630ae47c08f2940fdd2110de6,2021-11-19_06-54-27,1637315667,11298.451784,2256769,deeptime,172.17.28.76,11298.451784,0,243,ba53770e,2,False,70,350,0.000794,pstamps,21,0.007120,9.939129,supcon,SGD,SGD,100,0.509390,True,/home/rvidal/hyperparameter_tuning/SimCLR/id_ba53770e
83,0.916000,51.374987,False,,,258,5251db51e1734417b035c48271b2c106,2021-11-19_10-42-52,1637329372,12503.799373,2377303,deeptime,172.17.28.76,12503.799373,0,258,5a7db348,3,False,70,350,0.000794,pstamps,21,0.007120,9.939129,supcon,SGD,SGD,100,0.509390,True,/home/rvidal/hyperparameter_tuning/SimCLR/id_5a7db348
84,0.916000,65.960483,False,,,189,aed02be6f42345b1b92f395d871dc168,2021-11-19_10-55-41,1637330141,11459.440394,2394904,deeptime,172.17.28.76,11459.440394,0,189,743ec28c,0,False,70,350,0.000910,pstamps,21,0.007120,5.170353,supcon,SGD,SGD,100,0.616445,True,/home/rvidal/hyperparameter_tuning/SimCLR/id_743ec28c
85,0.912000,50.120602,False,,,238,59a5056fca614f06aa4910d1f3eaede9,2021-11-19_11-01-16,1637330476,11699.485739,2395956,deeptime,172.17.28.76,11699.485739,0,238,adbec85a,1,False,70,350,0.000910,pstamps,21,0.007120,5.170353,supcon,SGD,SGD,100,0.616445,True,/home/rvidal/hyperparameter_tuning/SimCLR/id_adbec85a
86,0.910000,46.909035,False,,,257,53b888bda5a24a06adf299d50a270619,2021-11-19_11-43-18,1637332998,12694.936355,2411913,deeptime,172.17.28.76,12694.936355,0,257,e665f43a,2,False,70,350,0.000910,pstamps,21,0.007120,5.170353,supcon,SGD,SGD,100,0.616445,True,/home/rvidal/hyperparameter_tuning/SimCLR/id_e665f43a
87,0.890000,49.104854,False,,,87,296f6a52de714d2ebd0cb5c7155dc5eb,2021-11-19_13-16-33,1637338593,4248.010864,2541089,deeptime,172.17.28.76,4248.010864,0,87,734fc756,3,False,70,350,0.000910,pstamps,21,0.007120,5.170353,supcon,SGD,SGD,100,0.616445,True,/home/rvidal/hyperparameter_tuning/SimCLR/id_734fc756
88,0.914000,49.306438,False,,,186,a683063d5f014c128024650938767b66,2021-11-19_14-56-20,1637344580,9136.077185,2551385,deeptime,172.17.28.76,9136.077185,0,186,26318452,0,False,70,350,0.000887,pstamps,21,0.007120,9.397029,supcon,SGD,LARS,100,0.459976,True,/home/rvidal/hyperparameter_tuning/SimCLR/id_26318452
89,0.914000,66.703115,False,,,372,2162a36eb24149da9104c239831a5d95,2021-11-19_19-38-10,1637361490,24714.839332,2563640,deeptime,172.17.28.76,24714.839332,0,372,b55571b4,1,False,70,350,0.000887,pstamps,21,0.007120,9.397029,supcon,SGD,LARS,100,0.459976,True,/home/rvidal/hyperparameter_tuning/SimCLR/id_b55571b4
90,0.920000,53.870248,False,,,425,0c673ebbd4f544fba0b8d101f0843bd7,2021-11-19_18-56-57,1637359017,21103.485178,2574590,deeptime,172.17.28.76,21103.485178,0,425,ce3b62ee,2,False,70,350,0.000887,pstamps,21,0.007120,9.397029,supcon,SGD,LARS,100,0.459976,True,/home/rvidal/hyperparameter_tuning/SimCLR/id_ce3b62ee
91,0.912000,46.608001,False,,,514,a803d01b57674b53ac0eed853d6fa73c,2021-11-19_21-42-05,1637368925,25403.404061,2626128,deeptime,172.17.28.76,25403.404061,0,514,74a3b2b0,3,False,70,350,0.000887,pstamps,21,0.007120,9.397029,supcon,SGD,LARS,100,0.459976,True,/home/rvidal/hyperparameter_tuning/SimCLR/id_74a3b2b0
92,0.910000,49.204690,False,,,244,86740a26bd894c66a89aa353062324ad,2021-11-19_19-36-03,1637361363,11853.127035,2680796,deeptime,172.17.28.76,11853.127035,0,244,833639b2,0,False,70,500,0.000636,pstamps,21,0.007120,8.806085,supcon,SGD,LARS,100,0.420397,True,/home/rvidal/hyperparameter_tuning/SimCLR/id_833639b2
93,0.918000,47.088924,False,,,247,fde608353b574974b2e303af3e77a2bd,2021-11-19_23-39-14,1637375954,11952.211018,2813461,deeptime,172.17.28.76,11952.211018,0,247,74936674,1,False,70,500,0.000636,pstamps,21,0.007120,8.806085,supcon,SGD,LARS,100,0.420397,True,/home/rvidal/hyperparameter_tuning/SimCLR/id_74936674
94,0.908000,48.755015,False,,,201,23daa463352a4ecfa2a7f4fb858ec68b,2021-11-19_23-38-51,1637375931,9686.036883,2834278,deeptime,172.17.28.76,9686.036883,0,201,315f8d02,2,False,70,500,0.000636,pstamps,21,0.007120,8.806085,supcon,SGD,LARS,100,0.420397,True,/home/rvidal/hyperparameter_tuning/SimCLR/id_315f8d02
95,0.914000,67.447028,False,,,445,3458c792dd914209957eb30deb5cdc21,2021-11-20_06-22-06,1637400126,31980.898825,2851706,deeptime,172.17.28.76,31980.898825,0,445,692c3dac,3,False,70,500,0.000636,pstamps,21,0.007120,8.806085,supcon,SGD,LARS,100,0.420397,True,/home/rvidal/hyperparameter_tuning/SimCLR/id_692c3dac
96,0.878000,48.275776,False,,,294,e8c2160a101b4267a84f2cc827e17174,2021-11-20_03-02-21,1637388141,14331.161734,2903477,deeptime,172.17.28.76,14331.161734,0,294,d7169bc4,0,False,70,350,0.000413,pstamps,21,0.007120,2.443992,supcon,SGD,SGD,100,0.007295,True,/home/rvidal/hyperparameter_tuning/SimCLR/id_d7169bc4
97,0.874000,34.264859,False,,,300,2d78bd35a1194e6ca149637746690e3d,2021-11-20_04-56-36,1637394996,14269.331715,2967083,deeptime,172.17.28.76,14269.331715,0,300,096f3aba,1,False,70,350,0.000413,pstamps,21,0.007120,2.443992,supcon,SGD,SGD,100,0.007295,True,/home/rvidal/hyperparameter_tuning/SimCLR/id_096f3aba
98,0.868000,49.995769,False,,,182,6f1cbbe65c2d468f94d9caf6d5d307fc,2021-11-20_03-27-29,1637389649,8892.736067,2967415,deeptime,172.17.28.76,8892.736067,0,182,2242cefc,2,False,70,350,0.000413,pstamps,21,0.007120,2.443992,supcon,SGD,SGD,100,0.007295,True,/home/rvidal/hyperparameter_tuning/SimCLR/id_2242cefc
99,0.866000,33.899029,False,,,116,3cee6f5ba2794630adc7c24fb5db7ef5,2021-11-20_05-35-36,1637397336,4311.431401,3078510,deeptime,172.17.28.76,4311.431401,0,116,357f5b98,3,False,70,350,0.000413,pstamps,21,0.007120,2.443992,supcon,SGD,SGD,100,0.007295,True,/home/rvidal/hyperparameter_tuning/SimCLR/id_357f5b98
100,0.906000,60.175805,False,,,316,2e76fd5b8ca641da895e49b3b2b428c2,2021-11-22_21-04-55,1637625895,18717.520186,303233,deeptime,172.17.28.76,18717.520186,0,316,655f88a4,0,True,70,350,0.010319,pstamps,21,0.007120,0.001007,supcon,SGD,AdamW,100,0.006083,True,/home/rvidal/hyperparameter_tuning/SimCLR/id_655f88a4
101,0.902000,60.571465,False,,,290,2c211ca799dd4117a48a1170a2622bb3,2021-11-22_20-40-08,1637624408,17231.043170,303229,deeptime,172.17.28.76,17231.043170,0,290,655f88a5,1,True,70,350,0.010319,pstamps,21,0.007120,0.001007,supcon,SGD,AdamW,100,0.006083,True,/home/rvidal/hyperparameter_tuning/SimCLR/id_655f88a5
102,0.908000,126.884186,False,,,372,df4b34760b80472fb03b2438edd6dd3d,2021-11-22_22-45-06,1637631906,24729.111807,303236,deeptime,172.17.28.76,24729.111807,0,372,655f88a6,2,True,70,350,0.010319,pstamps,21,0.007120,0.001007,supcon,SGD,AdamW,100,0.006083,True,/home/rvidal/hyperparameter_tuning/SimCLR/id_655f88a6
103,0.882000,59.725412,False,,,73,7cbdcd880d21419abc3c1bcc64e4de57,2021-11-22_17-03-41,1637611421,4243.769257,303237,deeptime,172.17.28.76,4243.769257,0,73,655f88a7,3,True,70,350,0.010319,pstamps,21,0.007120,0.001007,supcon,SGD,AdamW,100,0.006083,True,/home/rvidal/hyperparameter_tuning/SimCLR/id_655f88a7
104,0.864000,129.223883,False,,,200,5c5bb3487bbb4aebb8001642987b9086,2021-11-22_22-48-21,1637632101,14775.303269,303234,deeptime,172.17.28.76,14775.303269,0,200,655f88a8,0,True,70,350,0.008984,pstamps,21,0.007120,0.242250,supcon,SGD,SGD,100,0.000895,True,/home/rvidal/hyperparameter_tuning/SimCLR/id_655f88a8
105,0.864000,129.048882,False,,,170,e01a348a7ff549a3babb646d7031a2e2,2021-11-23_05-28-45,1637656125,21726.060417,303232,deeptime,172.17.28.76,21726.060417,0,170,03b004e0,1,True,70,350,0.008984,pstamps,21,0.007120,0.242250,supcon,SGD,SGD,100,0.000895,True,/home/rvidal/hyperparameter_tuning/SimCLR/id_03b004e0
106,0.864000,121.579857,False,,,152,b769c50810f149e4948e4d4fdcd4acef,2021-11-23_05-38-31,1637656711,19269.609192,303240,deeptime,172.17.28.76,19269.609192,0,152,b9c8a0f8,2,True,70,350,0.008984,pstamps,21,0.007120,0.242250,supcon,SGD,SGD,100,0.000895,True,/home/rvidal/hyperparameter_tuning/SimCLR/id_b9c8a0f8
107,0.862000,120.114338,False,,,123,7c11148d58f24c74b9e42363afe6bc63,2021-11-23_06-38-49,1637660329,15636.817225,303228,deeptime,172.17.28.76,15636.817225,0,123,d2e77e90,3,True,70,350,0.008984,pstamps,21,0.007120,0.242250,supcon,SGD,SGD,100,0.000895,True,/home/rvidal/hyperparameter_tuning/SimCLR/id_d2e77e90
108,0.908000,122.153057,False,,,326,9876f660501742c8a9861be8c0464cb6,2021-11-23_13-49-47,1637686187,41193.821808,303230,deeptime,172.17.28.76,41193.821808,0,326,b75d7498,0,True,70,350,0.002231,pstamps,21,0.007120,0.000513,supcon,SGD,AdamW,100,0.009503,True,/home/rvidal/hyperparameter_tuning/SimCLR/id_b75d7498
109,0.906000,58.244004,False,,,427,7c21b6f90b164fbca55763b80d0586b6,2021-11-23_20-54-51,1637711691,42878.863415,303235,deeptime,172.17.28.76,42878.863415,0,427,69bab9de,1,True,70,350,0.002231,pstamps,21,0.007120,0.000513,supcon,SGD,AdamW,100,0.009503,True,/home/rvidal/hyperparameter_tuning/SimCLR/id_69bab9de
110,0.894000,111.142346,False,,,221,ebfd977f709445d7bc8d0ba3e33a1aec,2021-11-23_16-40-57,1637696457,27243.220213,303238,deeptime,172.17.28.76,27243.220213,0,221,db3e550c,2,True,70,350,0.002231,pstamps,21,0.007120,0.000513,supcon,SGD,AdamW,100,0.009503,True,/home/rvidal/hyperparameter_tuning/SimCLR/id_db3e550c
111,0.906000,60.778308,False,,,484,914c2085ce7f4661b2679d44f5ea6e7f,2021-11-23_22-24-04,1637717044,44032.899031,303231,deeptime,172.17.28.76,44032.899031,0,484,cf0acdb4,3,True,70,350,0.002231,pstamps,21,0.007120,0.000513,supcon,SGD,AdamW,100,0.009503,True,/home/rvidal/hyperparameter_tuning/SimCLR/id_cf0acdb4
112,0.884000,86.192974,False,,,59,21d8fe8a3f564866a7cacd1aec4396ab,2021-11-23_18-42-53,1637703773,5800.354185,1094860,deeptime,172.17.28.76,5800.354185,0,59,a598c270,0,True,70,200,0.001132,pstamps,21,0.007120,0.037161,supcon,SGD,AdamW,100,0.021210,True,/home/rvidal/hyperparameter_tuning/SimCLR/id_a598c270
113,0.886000,61.990581,False,,,114,ca24e4bd0938426ead06f0b2b59890ed,2021-11-23_21-14-09,1637712849,7232.205619,1158294,deeptime,172.17.28.76,7232.205619,0,114,c32d542e,1,True,70,200,0.001132,pstamps,21,0.007120,0.037161,supcon,SGD,AdamW,100,0.021210,True,/home/rvidal/hyperparameter_tuning/SimCLR/id_c32d542e
114,0.884000,63.574136,False,,,65,2bb67b67e16f4b4da0e62acd693f04a2,2021-11-23_21-43-30,1637714610,4096.789418,1196648,deeptime,172.17.28.76,4096.789418,0,65,94324d16,2,True,70,200,0.001132,pstamps,21,0.007120,0.037161,supcon,SGD,AdamW,100,0.021210,True,/home/rvidal/hyperparameter_tuning/SimCLR/id_94324d16
115,0.888000,64.921089,False,,,133,3cbdefa5db7b4549b9de88f90bac580b,2021-11-24_00-54-20,1637726060,8361.692162,1253362,deeptime,172.17.28.76,8361.692162,0,133,faddb018,3,True,70,200,0.001132,pstamps,21,0.007120,0.037161,supcon,SGD,AdamW,100,0.021210,True,/home/rvidal/hyperparameter_tuning/SimCLR/id_faddb018
116,0.868000,60.625321,False,,,179,0963bfe0984d4819996444a6e254d7d6,2021-11-24_01-59-41,1637729981,10794.871294,1265059,deeptime,172.17.28.76,10794.871294,0,179,b4bdd192,0,True,70,350,0.001768,pstamps,21,0.007120,0.000404,supcon,SGD,LARS,100,0.004931,True,/home/rvidal/hyperparameter_tuning/SimCLR/id_b4bdd192
117,0.866000,60.170328,False,,,186,be12998d18454518b533fdc4135e3591,2021-11-24_02-35-46,1637732146,11223.577393,1278761,deeptime,172.17.28.76,11223.577393,0,186,2b3f905a,1,True,70,350,0.001768,pstamps,21,0.007120,0.000404,supcon,SGD,LARS,100,0.004931,True,/home/rvidal/hyperparameter_tuning/SimCLR/id_2b3f905a
118,0.868000,60.645186,False,,,171,d6048a988e8d45ffa38fc506b4937fa3,2021-11-24_02-54-34,1637733274,10280.176171,1295086,deeptime,172.17.28.76,10280.176171,0,171,36657e32,2,True,70,350,0.001768,pstamps,21,0.007120,0.000404,supcon,SGD,LARS,100,0.004931,True,/home/rvidal/hyperparameter_tuning/SimCLR/id_36657e32
119,0.868000,60.769850,False,,,211,b55ecaa6780a4711b4bda382ffe9a1fb,2021-11-24_06-08-19,1637744899,12520.321996,1369451,deeptime,172.17.28.76,12520.321996,0,211,099792be,3,True,70,350,0.001768,pstamps,21,0.007120,0.000404,supcon,SGD,LARS,100,0.004931,True,/home/rvidal/hyperparameter_tuning/SimCLR/id_099792be
120,0.868000,63.968322,False,,,112,29cc7fad44074c05b52d219b491f053a,2021-11-24_05-36-43,1637743003,7007.430918,1398787,deeptime,172.17.28.76,7007.430918,0,112,e42050e6,0,True,70,200,0.003577,pstamps,21,0.007120,0.065922,supcon,SGD,AdamW,100,0.274014,True,/home/rvidal/hyperparameter_tuning/SimCLR/id_e42050e6
121,0.874000,64.891737,False,,,59,87f96ff7302f4091ac20c82a34c03979,2021-11-24_05-16-14,1637741774,3673.546901,1415883,deeptime,172.17.28.76,3673.546901,0,59,5048133c,1,True,70,200,0.003577,pstamps,21,0.007120,0.065922,supcon,SGD,AdamW,100,0.274014,True,/home/rvidal/hyperparameter_tuning/SimCLR/id_5048133c
122,0.888000,34.022086,False,,,260,7f48ff0e6bcd4b2f8b814cad13217800,2021-11-24_08-21-31,1637752891,13670.534247,1424778,deeptime,172.17.28.76,13670.534247,0,260,363aed52,2,True,70,200,0.003577,pstamps,21,0.007120,0.065922,supcon,SGD,AdamW,100,0.274014,True,/home/rvidal/hyperparameter_tuning/SimCLR/id_363aed52
123,0.882000,31.622476,False,,,301,3b78bbf8a6a8497685039274cb91e5bd,2021-11-24_10-02-04,1637758924,10882.400074,1496235,deeptime,172.17.28.76,10882.400074,0,301,d212430e,3,True,70,200,0.003577,pstamps,21,0.007120,0.065922,supcon,SGD,AdamW,100,0.274014,True,/home/rvidal/hyperparameter_tuning/SimCLR/id_d212430e
124,0.200000,113.713801,False,,,1,6c3b4773d40144b2b84c003047be8d8d,2021-11-22_21-24-46,1637627086,113.713801,464779,deeptime,172.17.28.76,113.713801,0,1,7a274370,0,False,70,200,0.000220,resnet18,21,0.007120,0.195489,supcon,SGD,AdamW,100,0.000213,True,/home/rvidal/hyperparameter_tuning/SimCLR/id_7a274370
125,0.200000,114.852981,False,,,1,4b78bd9c1d2c462393ccddd8c3d69101,2021-11-22_21-24-47,1637627087,114.852981,464775,deeptime,172.17.28.76,114.852981,0,1,7a274371,1,False,70,200,0.000220,resnet18,21,0.007120,0.195489,supcon,SGD,AdamW,100,0.000213,True,/home/rvidal/hyperparameter_tuning/SimCLR/id_7a274371
126,0.200000,115.524569,False,,,1,a997eb3634984f959ea365f5504838e5,2021-11-22_21-24-49,1637627089,115.524569,464776,deeptime,172.17.28.76,115.524569,0,1,7a274372,2,False,70,200,0.000220,resnet18,21,0.007120,0.195489,supcon,SGD,AdamW,100,0.000213,True,/home/rvidal/hyperparameter_tuning/SimCLR/id_7a274372
127,0.200000,118.051867,False,,,1,1750d6c92fb54405a216b1d03f77e401,2021-11-22_21-24-51,1637627091,118.051867,464780,deeptime,172.17.28.76,118.051867,0,1,7a274373,3,False,70,200,0.000220,resnet18,21,0.007120,0.195489,supcon,SGD,AdamW,100,0.000213,True,/home/rvidal/hyperparameter_tuning/SimCLR/id_7a274373
128,0.200000,105.912931,False,,,1,aa33cd64c1584409a656a805447c2e97,2021-11-22_21-26-44,1637627204,105.912931,464782,deeptime,172.17.28.76,105.912931,0,1,7a274374,0,False,70,500,0.084197,resnet18,21,0.007120,0.027333,supcon,SGD,LARS,100,0.000396,True,/home/rvidal/hyperparameter_tuning/SimCLR/id_7a274374
129,0.200000,102.887488,False,,,1,f031d9e076fb42e8a9efbdda32ca552b,2021-11-22_21-26-41,1637627201,102.887488,464778,deeptime,172.17.28.76,102.887488,0,1,c3f4f312,1,False,70,500,0.084197,resnet18,21,0.007120,0.027333,supcon,SGD,LARS,100,0.000396,True,/home/rvidal/hyperparameter_tuning/SimCLR/id_c3f4f312
130,0.200000,104.978965,False,,,1,659bc95d425d4689a708115d967a9b75,2021-11-22_21-26-44,1637627204,104.978965,464781,deeptime,172.17.28.76,104.978965,0,1,c3f4f313,2,False,70,500,0.084197,resnet18,21,0.007120,0.027333,supcon,SGD,LARS,100,0.000396,True,/home/rvidal/hyperparameter_tuning/SimCLR/id_c3f4f313
131,0.200000,105.305533,False,,,1,7088e336958d42aab357855c85ac6749,2021-11-22_21-26-46,1637627206,105.305533,464773,deeptime,172.17.28.76,105.305533,0,1,c532e004,3,False,70,500,0.084197,resnet18,21,0.007120,0.027333,supcon,SGD,LARS,100,0.000396,True,/home/rvidal/hyperparameter_tuning/SimCLR/id_c532e004
132,0.906000,94.680987,False,,,203,adbf99cc15bf4c51a08fe74848c33296,2021-11-23_02-40-54,1637646054,18826.758454,464774,deeptime,172.17.28.76,18826.758454,0,203,c674b53c,0,False,70,500,0.004408,resnet18,21,0.007120,0.008431,supcon,SGD,AdamW,100,0.034224,True,/home/rvidal/hyperparameter_tuning/SimCLR/id_c674b53c
133,0.912000,95.377626,False,,,149,2c62e8de1b1548eaadf556e8744ba52a,2021-11-23_01-16-36,1637640996,13768.571721,464771,deeptime,172.17.28.76,13768.571721,0,149,07f9ee5a,1,False,70,500,0.004408,resnet18,21,0.007120,0.008431,supcon,SGD,AdamW,100,0.034224,True,/home/rvidal/hyperparameter_tuning/SimCLR/id_07f9ee5a
134,0.910000,90.946187,False,,,124,1285e69a48124cc7b35950ac2cf001e0,2021-11-23_00-36-51,1637638611,11384.238995,464772,deeptime,172.17.28.76,11384.238995,0,124,0982daca,2,False,70,500,0.004408,resnet18,21,0.007120,0.008431,supcon,SGD,AdamW,100,0.034224,True,/home/rvidal/hyperparameter_tuning/SimCLR/id_0982daca
135,0.912000,93.562544,False,,,187,0b0f4b2c80734ac7a4b7190de2f851ce,2021-11-23_02-17-54,1637644674,17446.706086,464777,deeptime,172.17.28.76,17446.706086,0,187,0982dacb,3,False,70,500,0.004408,resnet18,21,0.007120,0.008431,supcon,SGD,AdamW,100,0.034224,True,/home/rvidal/hyperparameter_tuning/SimCLR/id_0982dacb
136,0.886000,97.109516,False,,,77,fa4e7e35a721457aac33be9b3ff1827c,2021-11-23_05-14-00,1637655240,7343.773946,653029,deeptime,172.17.28.76,7343.773946,0,77,0addc952,0,False,70,350,0.076076,resnet18,21,0.007120,1.643596,supcon,SGD,LARS,100,0.012887,True,/home/rvidal/hyperparameter_tuning/SimCLR/id_0addc952
137,0.904000,100.404079,False,,,297,841ee779ed7c4bed8ac02c03532ea055,2021-11-23_11-48-32,1637678912,28571.674106,674893,deeptime,172.17.28.76,28571.674106,0,297,28c6ace2,1,False,70,350,0.076076,resnet18,21,0.007120,1.643596,supcon,SGD,LARS,100,0.012887,True,/home/rvidal/hyperparameter_tuning/SimCLR/id_28c6ace2
138,0.902000,99.828744,False,,,284,1445f1b97fb54cfe933b97b9ec84dfb0,2021-11-23_12-30-48,1637681448,27517.481923,707428,deeptime,172.17.28.76,27517.481923,0,284,d9cfb25e,2,False,70,350,0.076076,resnet18,21,0.007120,1.643596,supcon,SGD,LARS,100,0.012887,True,/home/rvidal/hyperparameter_tuning/SimCLR/id_d9cfb25e
139,0.870000,97.855047,False,,,105,2e25b9e1d3df48b5afec008b6b98fe15,2021-11-23_08-03-20,1637665400,10113.453091,719489,deeptime,172.17.28.76,10113.453091,0,105,37720ecc,3,False,70,350,0.076076,resnet18,21,0.007120,1.643596,supcon,SGD,LARS,100,0.012887,True,/home/rvidal/hyperparameter_tuning/SimCLR/id_37720ecc
140,0.904000,104.960992,False,,,110,0e335b345a0e4be28e5a5671b7eeff34,2021-11-23_11-01-31,1637676091,11195.905677,807035,deeptime,172.17.28.76,11195.905677,0,110,5ebec31e,0,False,70,200,0.005794,resnet18,21,0.007120,2.857292,supcon,SGD,SGD,100,0.049846,True,/home/rvidal/hyperparameter_tuning/SimCLR/id_5ebec31e
141,0.914000,102.063446,False,,,101,fe0392c144134a34be418b8c8c75f937,2021-11-23_13-39-06,1637685546,10373.201708,897210,deeptime,172.17.28.76,10373.201708,0,101,bf553e9a,1,False,70,200,0.005794,resnet18,21,0.007120,2.857292,supcon,SGD,SGD,100,0.049846,True,/home/rvidal/hyperparameter_tuning/SimCLR/id_bf553e9a
142,0.906000,58.060116,False,,,96,4afb8500dbcb4fddbce02f1ec2f7a759,2021-11-23_16-15-24,1637694924,8543.110133,994309,deeptime,172.17.28.76,8543.110133,0,96,abc06ca2,2,False,70,200,0.005794,resnet18,21,0.007120,2.857292,supcon,SGD,SGD,100,0.049846,True,/home/rvidal/hyperparameter_tuning/SimCLR/id_abc06ca2
143,0.912000,57.272392,False,,,163,cf721b017ee04ebba3fff98404fe04d1,2021-11-23_17-40-48,1637700048,11361.430015,1014330,deeptime,172.17.28.76,11361.430015,0,163,c4b8cf96,3,False,70,200,0.005794,resnet18,21,0.007120,2.857292,supcon,SGD,SGD,100,0.049846,True,/home/rvidal/hyperparameter_tuning/SimCLR/id_c4b8cf96
